ip,city,region,country,latitude,longitude,time
121.206.239.247,Nanping,Fujian,CN,27.3864812,118.0777547,242.361
90.197.7.217,London (Shadwell),England,GB,51.5081201,-0.07622237194643053,51.676
159.197.205.106,Mount Prospect,Illinois,US,42.0664167,-87.9372908,94.305
183.147.189.106,Jinhua,Zhejiang,CN,29.1080344,119.6486487,231.429
67.169.179.146,Petaluma,California,US,38.270022,-122.60612241304348,169.361
185.156.249.151,Ayamonte,Andalusia,ES,37.2142842,-7.4047386,43.772
92.252.114.89,Osnabrück (Gartlage),Lower Saxony,DE,52.2786386,8.05195396366625,32.316
104.149.226.199,Los Angeles,California,US,34.0536909,-118.242766,155.604
104.55.105.214,Wallingford,Connecticut,US,41.4570418,-72.8231552,138.171
113.224.122.134,Chaoyang Shi (Shuangta Qu),Liaoning,CN,41.53906645,120.43411157565629,230.22
109.136.207.24,Brussels,Brussels Capital,BE,50.8465573,4.351697,30.956
112.164.51.60,Seongnam-si (Buljeong-ro),Gyeonggi-do,KR,None,None,268.049
128.14.21.63,Los Angeles,California,US,34.0536909,-118.242766,872.861
116.7.242.6,Guangzhou Shi,Guangdong,CN,23.1301964,113.2592945,225.539
112.144.67.16,Yongsan-dong (Hangang-daero),Seoul,KR,37.5301906,126.9651428,299.382
93.202.249.228,Frankfurt am Main,Hesse,DE,50.1106444,8.6820917,52.186
115.225.214.244,Shaoxing Shi (Yuecheng Qu),Zhejiang,CN,30.01673,120.575832,246.054
98.33.63.137,San Francisco (Mission San Rafael),California,US,None,None,165.739
186.116.201.86,Socorro,Santander,CO,6.4670216,-73.2626198,170.485
5.54.60.240,Thesprotikó,Epirus,GR,39.2516728,20.7840565,95.604
218.61.29.118,Chaoyang Shi (Shuangta Qu),Liaoning,CN,41.53906645,120.43411157565629,267.691
36.82.176.221,Jakarta,Jakarta,ID,-6.1875613,106.8277658,205.116
65.132.152.28,Lewiston,Idaho,US,46.4195913,-117.0216144,168.437
94.226.21.122,Mechelen,Flanders,BE,51.0281381,4.4803453,28.222
164.90.174.115,Frankfurt am Main,Hesse,DE,50.1106444,8.6820917,31.862
73.12.174.245,Sacramento,California,US,38.5810606,-121.4938951,174.372
36.228.154.95,Taipei,Taiwan,TW,23.3378623,121.3111397456349,293.925
112.86.39.56,Suqian Shi (Sucheng Qu),Jiangsu,CN,33.8749775,118.2763099,261.213
72.184.189.61,Largo,Florida,US,27.9094665,-82.7873244,127.329
89.12.22.149,Berlin,Berlin,DE,52.5170365,13.3888599,39.836
71.188.53.193,Camden,New Jersey,US,39.9448402,-75.1198911,108.453
2.135.29.104,Kostanay,Qostanay,KZ,53.2046156,63.549854554025714,107.329
92.208.185.104,Frankfurt am Main,Hesse,DE,50.1106444,8.6820917,36.247
114.238.173.148,Qinnan,Jiangsu,CN,21.9434443,108.653776,249.36
14.79.228.34,Seongnam-si (Buljeong-ro),Gyeonggi-do,KR,None,None,262.044
1.240.55.6,Seoul (Toegye-ro),Seoul,KR,37.561238,126.9940163,249.767
98.255.243.16,Los Angeles,California,US,34.0536909,-118.242766,175.707
46.166.214.166,Tomsk,Tomsk Oblast,RU,56.488712,84.952324,103.303
211.104.91.72,Dogok-dong,Seoul,KR,37.4885367,127.04407631646578,267.085
178.7.35.129,Frankfurt am Main,Hesse,DE,50.1106444,8.6820917,45.534
60.116.129.115,Minato-ku,Tokyo,JP,35.6432274,139.7400553,262.447
88.41.200.225,Milan,Lombardy,IT,45.4668,9.1905,46.603
84.25.229.237,Brunssum,Limburg,NL,50.943821549999996,5.974825084719281,29.854
120.92.0.106,Beijing,Beijing,CN,39.906217,116.3912757,231.982
69.137.58.140,Baltimore,Maryland,US,39.2908816,-76.610759,108.667
81.140.22.249,Buckhurst Hill,England,GB,51.6259439,0.0468161,35.538
154.83.12.105,Hong Kong,Central and Western,HK,22.2850394,114.1583819,310.107
113.120.174.150,Xintai,Shandong,CN,35.9068588,117.76243,266.971
60.90.23.189,Minato-ku,Tokyo,JP,35.6432274,139.7400553,254.471
179.165.24.239,São Paulo,São Paulo,BR,-23.5506507,-46.6333824,296.536
109.136.187.229,Brussels,Brussels Capital,BE,50.8465573,4.351697,15.452
124.50.180.103,Yongsan-dong (Hangang-daero),Seoul,KR,37.5301906,126.9651428,302.007
5.14.161.134,Constanța,Constanța,RO,44.1767161,28.6507598,51.558
24.208.10.35,Oshkosh,Wisconsin,US,44.0206919,-88.5408574,129.234
39.180.37.163,Jinhua,Zhejiang,CN,29.1080344,119.6486487,335.731
112.227.38.40,Qingdao (Jiaozhou Shi),Shandong,CN,36.3619633,120.08799539626071,237.649
161.156.152.63,Chicago,Illinois,US,41.8755616,-87.6244212,19.643
210.187.204.50,Kuala Lumpur,Kuala Lumpur,MY,3.142197,101.6290072,274.978
2.216.208.119,Lamesley,England,GB,54.9139822,-1.6109777,36.234
60.19.15.44,Chaoyang Shi (Shuangta Qu),Liaoning,CN,41.53906645,120.43411157565629,255.672
174.70.132.44,Eastborough,Kansas,US,37.6880698,-97.2636551,137.26
73.228.53.254,Bernalillo,New Mexico,US,35.0349239,-106.6870693,175.03
68.142.80.60,Tempe,Arizona,US,33.4255056,-111.9400091,31.007
189.20.185.87,São Paulo,São Paulo,BR,-23.5506507,-46.6333824,230.904
181.17.208.150,Parroquia El Recreo,Distrito Federal,VE,7.8222305,-67.340584510084,557.301
73.9.0.144,West Chicago,Illinois,US,41.8847507,-88.2039607,125.283
192.35.79.149,Cleveland (Euclid - Green),Ohio,US,41.50214445,-81.67516704866894,131.521
75.117.229.161,Heath,Ohio,US,40.0228421,-82.4445991,144.512
191.108.178.92,Cartagena,Bolívar,CO,10.4195841,-75.5271224,327.062
186.4.68.126,Marcos Paz,Buenos Aires,AR,-34.7823325,-58.8377737,251.348
189.155.91.247,Santiago Papasquiaro,Durango,MX,25.02245415,-105.67208873593049,167.049
73.22.225.5,Oak Park,Illinois,US,41.8878145,-87.7887615,127.783
79.103.93.152,Nápi,North Aegean,GR,39.2693194,26.28733324022732,74.166
223.230.4.39,Rajahmundry,Andhra Pradesh,IN,17.0050454,81.7804732,148.193
68.8.34.146,San Diego (Mid-City:City Heights),California,US,None,None,157.838
65.60.240.1,Columbus (Sharon Heights),Ohio,US,40.073747600000004,-83.01842959869408,113.328
213.231.47.86,Odessa (Suvorovs'kyi district),Odessa,UA,None,None,58.841
83.211.215.4,Milan,Lombardy,IT,45.4668,9.1905,38.825
90.252.33.122,London,England,GB,51.5073219,-0.1276474,31.4
93.180.183.0,Krakow,Lesser Poland,PL,50.0619474,19.9368564,49.692
125.162.180.98,Jakarta,Jakarta,ID,-6.1875613,106.8277658,181.664
77.180.128.171,Frankfurt am Main,Hesse,DE,50.1106444,8.6820917,126.658
140.82.141.245,Durant,Oklahoma,US,33.9958945,-96.3814259,141.982
92.238.20.50,Great Wyrley,England,GB,52.6570862,-2.0152201,44.125
201.111.92.124,Mexico City (Miguel Hidalgo Villa Olímpica),Mexico City,MX,None,None,228.94
99.225.191.236,Guelph,Ontario,CA,43.5460516,-80.2493276,117.81
93.215.100.226,Frankfurt am Main,Hesse,DE,50.1106444,8.6820917,47.199
72.224.178.208,Bucksport,Maine,US,44.5736852,-68.7955879,143.459
105.145.221.91,Rabat (Agdal),Rabat-Salé-Kénitra,MA,33.9366131,-6.872830531523649,115.739
23.8.55.79,Nangka,Central Visayas,PH,10.5325816,123.7197835,301.438
42.5.185.251,Chaoyang Shi (Shuangta Qu),Liaoning,CN,41.53906645,120.43411157565629,269.877
173.243.133.103,Sunnyvale,California,US,37.3688301,-122.0363496,160.761
154.222.65.132,Chai Wan,Eastern,HK,22.264783350000002,114.23723836932163,243.173
60.150.208.157,Minato-ku,Tokyo,JP,35.6432274,139.7400553,266.52
68.100.35.195,Fairfax,Virginia,US,38.8462236,-77.3063733,103.648
96.53.28.173,Toronto,Ontario,CA,43.6534817,-79.3839347,149.644
59.127.157.230,Toufen Township,Taiwan,TW,24.6865333,120.9126667,356.24
193.239.146.204,New York,New York,US,40.7127281,-74.0060152,93.929
194.156.182.47,Quarrata,Tuscany,IT,43.8475005,10.9777009,69.034
70.16.198.50,Manchester (Downtown),New Hampshire,US,42.988341250000005,-71.46463221964774,121.985
186.215.234.48,Salvador (Brotas),Bahia,BR,-12.9808542,-38.4955613,229.212
125.138.1.169,Daejeon,Daejeon,KR,36.3322464,127.4346482,274.394
166.252.224.242,New York,New York,US,40.7127281,-74.0060152,239.179
79.105.127.76,Blagoveshchensk,Amur Oblast,RU,50.290527,127.527161,152.747
109.149.195.49,London,England,GB,51.5073219,-0.1276474,36.321
50.82.33.93,Minneapolis,Minnesota,US,44.9772995,-93.2654692,746.704
171.5.46.59,Sapphaya,Chai Nat,TH,15.1377361,100.2451862,194.555
102.184.52.115,Awsīm,Giza,EG,30.283333,30.983333,106.061
82.16.105.108,London,England,GB,51.5073219,-0.1276474,34.068
79.220.195.116,Monschau,North Rhine-Westphalia,DE,50.5544687,6.2407954,29.25
81.71.67.104,Amsterdam (Centrum),North Holland,NL,52.3353826,4.9377128,223.184
88.78.87.174,Herne,North Rhine-Westphalia,DE,51.5380394,7.219985,35.341
120.48.28.45,Beijing,Beijing,CN,39.906217,116.3912757,189.926
80.128.173.42,Frankfurt am Main,Hesse,DE,50.1106444,8.6820917,52.499
123.130.66.103,Qingdao (Jiaozhou Shi),Shandong,CN,36.3619633,120.08799539626071,256.422
195.34.110.18,Loznitsa,Razgrad,BG,43.41115895,26.60932340232378,74.193
91.235.17.142,Strzelce Opolskie,Opole Voivodeship,PL,50.5109033,18.3004547,54.014
77.242.235.56,Międzychód,Greater Poland,PL,52.6046468,15.8935386,48.351
101.112.12.228,Killara,New South Wales,AU,-33.7660606,151.1601121,315.534
221.219.132.79,Jinrongjie (Xicheng District),Beijing,CN,None,None,314.595
85.242.81.54,Lisbon,Lisbon,PT,38.7077507,-9.1365919,66.839
51.83.183.115,Warsaw,Mazovia,PL,52.2319581,21.0067249,42.559
72.209.102.213,Fort Smith,Arkansas,US,35.3872218,-94.4248983,138.898
70.92.191.14,Racine,Wisconsin,US,42.7260523,-87.7825242,132.687
136.118.24.190,Mountain View,California,US,37.3893889,-122.0832101,20.863
73.128.66.245,Baltimore,Maryland,US,39.2908816,-76.610759,110.686
5.79.71.212,Amsterdam,North Holland,NL,52.3727598,4.8936041,14.994
92.123.61.197,Madrid,Madrid,ES,40.4167047,-3.7035825,35.207
60.112.239.2,Minato-ku,Tokyo,JP,35.6432274,139.7400553,257.429
171.90.118.252,Zhongba,Sichuan,CN,30.673653,103.9813177,283.489
39.112.96.96,Seoul (Toegye-ro),Seoul,KR,37.561238,126.9940163,260.961
116.102.239.101,Hanoi,Hanoi,VN,20.9600115,105.7619892,194.248
78.26.183.163,Odessa,Odessa,UA,46.4873195,30.7392776,57.162
78.141.36.110,Reading,England,GB,51.456659,-0.9696512,35.549
73.160.115.4,Newark,New Jersey,US,40.735657,-74.1723667,116.419
84.150.100.183,Brunswick,Lower Saxony,DE,52.2646577,10.5236066,32.686
37.214.233.219,Hrodna,Grodnenskaya,BY,53.6834599,23.8342648,49.217
73.54.199.48,Atlanta,Georgia,US,33.7489924,-84.3902644,117.381
87.110.112.236,Berģi,Riga,LV,56.9855144,24.301156,57.399
71.75.229.151,Monroe,North Carolina,US,34.9854275,-80.5495112,129.803
148.66.117.113,Papeete (Fare 'Ute),Îles du Vent,PF,None,None,245.065
120.241.12.38,Shenzhen,Guangdong,CN,22.555454,114.0543297,274.81
110.253.221.201,Xingfeng (Daxing),Beijing,CN,39.7450169,116.3322078,279.977
60.13.29.85,Wuwei (Minqin),Gansu,CN,38.626481,103.0950181,253.143
81.165.48.246,Mechelen,Flanders,BE,51.0281381,4.4803453,22.621
135.180.194.115,Berkeley,California,US,37.8708393,-122.2728639,161.828
108.36.74.237,Philadelphia,Pennsylvania,US,39.9527237,-75.1635262,104.401
161.142.190.95,Shah Alam (Hicom-glenmarie Industrial Park),Selangor,MY,None,None,189.91
191.10.98.141,Diadema (Jardim Anhanguera),São Paulo,BR,-23.4962112,-46.7710003,249.239
68.151.44.175,Edmonton,Alberta,CA,53.535411,-113.507996,157.939
137.99.43.175,Mansfield Four Corners (Storrs),Connecticut,US,41.8229038,-72.261255,100.002
92.217.149.55,Frankfurt am Main,Hesse,DE,50.1106444,8.6820917,32.69
65.124.164.212,New York,New York,US,40.7127281,-74.0060152,98.911
70.179.45.239,El Centro,California,US,32.792,-115.5630514,169.052
107.167.244.118,Los Angeles (West Los Angeles),California,US,34.0430625,-118.4315013,157.212
91.121.58.76,Roubaix,Hauts-de-France,FR,50.6915893,3.1741734,13.273
109.14.176.242,Paris,Île-de-France,FR,48.8566969,2.3514616,32.068
81.241.48.87,Asse,Flanders,BE,50.913594,4.1804375072844895,17.488
110.9.15.158,Bucheon-si,Gyeonggi-do,KR,37.5014422,126.7660139,259.509
175.224.149.2,Seongnam-si (Buljeong-ro),Gyeonggi-do,KR,None,None,259.246
212.142.65.48,Riga,Riga,LV,56.9665763,24.1337504,43.746
106.107.187.113,Kanzijiao,Taiwan,TW,25.2983183,121.537642,226.571
180.249.174.67,Jakarta,Jakarta,ID,-6.1875613,106.8277658,223.301
176.56.105.56,Madrid,Madrid,ES,40.4167047,-3.7035825,39.985
75.68.219.211,Montpelier,Vermont,US,44.2602164,-72.575114,128.141
85.137.146.145,Seville,Andalusia,ES,37.3886303,-5.9953403,59.946
82.178.245.4,Muscat (Ruwī),Muscat,OM,23.6035202,58.5424607,311.511
67.184.193.181,Oak Park,Illinois,US,41.8878145,-87.7887615,126.403
34.97.57.187,Osaka,Ōsaka,JP,34.7021912,135.4955866,252.083
84.211.16.151,Oslo,Oslo,NO,59.9110251,10.7531379,40.938
75.91.165.201,Cushing,Texas,US,31.814264,-94.84052944466376,149.364
171.116.171.90,Jinrongjie (Xicheng District),Beijing,CN,None,None,275.102
144.64.92.252,Lisbon,Lisbon,PT,38.7077507,-9.1365919,56.918
185.134.42.251,Altea,Valencia,ES,38.6028245,-0.0472059,47.27
202.208.156.254,Chiyoda,Tokyo,JP,35.6938097,139.7532163,231.362
189.231.164.11,El Oro,Chihuahua,MX,26.889281250000003,-105.89699547321813,188.275
147.161.100.233,Barcelona,Catalonia,ES,41.3828939,2.1774322,41.905
182.78.207.250,New Delhi (Okhla Phase III),Delhi,IN,None,None,157.537
213.182.126.220,Hille,North Rhine-Westphalia,DE,52.3360492,8.7452571,49.192
42.237.253.98,luohe shi (Wuyang Xian),Henan,CN,None,None,238.521
73.222.205.195,Fairfield,California,US,38.2493581,-122.039966,172.017
219.120.160.199,Chiyoda,Tokyo,JP,35.6938097,139.7532163,273.729
193.251.150.36,Paris,Île-de-France,FR,48.8566969,2.3514616,16.21
104.209.176.36,Ashburn,Virginia,US,39.030019100000004,-77.46964646557657,97.074
45.77.9.22,Ōta Kuritsu Haneda Shōgakkō,Hokkaido,JP,None,None,243.381
112.115.192.208,Kunming,Yunnan,CN,24.8843019,102.8324209,249.313
104.19.153.245,Chicago,Illinois,US,41.8755616,-87.6244212,11.222
174.56.196.128,Augusta,Georgia,US,33.4709714,-81.9748429,148.495
73.231.22.11,Rohnert Park,California,US,38.3396367,-122.7010984,174.083
83.135.236.126,Essen,North Rhine-Westphalia,DE,51.4582235,7.0158171,32.775
98.240.251.178,Webster,Minnesota,US,44.529686,-93.352723,132.518
90.1.99.20,Lille,Hauts-de-France,FR,50.6365654,3.0635282,35.902
199.115.122.125,Bremen,Georgia,US,33.7208676,-85.1456929,109.865
112.249.247.52,Qingdao (Jiaozhou Shi),Shandong,CN,36.3619633,120.08799539626071,237.287
96.32.173.144,Suwanee,Georgia,US,34.0514898,-84.0712997,124.272
94.77.100.143,Moscow,Moscow,RU,55.7504461,37.6174943,53.263
204.147.80.110,Minneapolis,Minnesota,US,44.9772995,-93.2654692,122.549
89.240.12.31,Harlaxton,England,GB,52.8840417,-0.686898,38.705
113.89.244.223,Guangzhou Shi,Guangdong,CN,23.1301964,113.2592945,240.941
187.170.216.75,Mexico City (Miguel Hidalgo Villa Olímpica),Mexico City,MX,None,None,194.967
185.37.106.148,Vienna (Landstraße),Vienna,AT,48.2020489,16.385654122894735,34.034
87.64.8.11,Brussels,Brussels Capital,BE,50.8465573,4.351697,19.0
188.105.239.12,Leonberg,Baden-Württemberg,DE,48.8012983,9.0150026,27.022
123.122.188.131,Jinrongjie (Xicheng District),Beijing,CN,None,None,280.719
117.12.215.22,Shuangtang (Jinghai Qu),Tianjin,CN,38.8716908,116.9062929,238.936
68.202.166.5,Ocala,Florida,US,29.1871986,-82.1400923,127.826
103.100.72.123,Minato,Tokyo,JP,35.6432274,139.7400553,257.768
36.152.26.3,Suzhou,Jiangsu,CN,31.3016935,120.5810725,308.317
92.211.84.11,Frankfurt am Main,Hesse,DE,50.1106444,8.6820917,28.694
213.100.217.222,Stockholm,Stockholm,SE,59.3251172,18.0710935,50.738
187.140.121.112,Villagrán,Guanajuato,MX,20.546408300000003,-100.99406980849488,205.449
186.28.70.118,Bogotá (Comuna Chapinero),Bogota D.C.,CO,3.4446354,-76.50288897306359,170.785
5.235.34.228,Tabriz,East Azerbaijan,IR,38.0739964,46.2961952,137.255
223.80.34.222,Jinan,Shandong,CN,36.6507007,117.1140042,314.944
181.229.252.60,Palermo,Buenos Aires F.D.,AR,-34.5803362,-58.4245236,241.137
77.6.127.51,Hamburg,Hamburg,DE,53.550341,10.000654,39.29
111.177.116.134,Wulipu,Hubei,CN,36.0379732,103.8038278,247.6
178.7.100.64,Ettlingen,Baden-Württemberg,DE,48.9397149,8.40427,48.026
66.24.85.67,Vestal,New York,US,42.0850747,-76.053813,126.468
98.146.194.121,Pullman,Washington,US,46.7304268,-117.173895,175.716
185.237.92.186,London,England,GB,51.5073219,-0.1276474,51.921
42.119.90.48,Hanoi,Hanoi,VN,20.9600115,105.7619892,211.498
184.58.106.173,Columbus (East Columbus),Ohio,US,39.9866316,-82.9210524,200.572
64.137.59.203,Herndon,Virginia,US,38.9695316,-77.3859479,97.301
45.227.131.142,Temuco,Araucanía,CL,-38.7362611,-72.590546,229.578
108.186.174.144,Redmond,Washington,US,47.6694141,-122.1238767,158.875
87.200.187.250,Dubai,Dubai,AE,25.2653471,55.2924914,136.077
195.201.150.29,Nuremberg,Bavaria,DE,49.453872,11.077298,31.871
212.180.235.212,Białołeka,Mazovia,PL,52.3315662,21.0206194,34.309
119.194.191.142,Yeoju (Yeoju-eup),Gyeonggi-do,KR,37.2249352,127.5928139,273.005
124.205.62.253,Beijing,Beijing,CN,39.906217,116.3912757,282.56
75.64.119.163,Memphis,Tennessee,US,35.1490215,-90.0516285,144.915
73.147.86.6,Ashburn,Virginia,US,39.030019100000004,-77.46964646557657,109.34
110.227.147.89,Kolkata (EP Block),West Bengal,IN,None,None,171.173
36.82.243.44,Pangkalanbuun,Central Kalimantan,ID,None,None,208.912
197.248.95.105,Nairobi (Spring Valley),Nairobi Area,KE,-1.2521749500000001,36.79407750550776,181.128
104.92.215.111,Bogotá,Bogota D.C.,CO,4.6533326,-74.083652,164.24
98.183.115.165,Paoli,Oklahoma,US,34.8267449,-97.2591911,137.29
60.187.56.109,Shaoxing Shi (Yuecheng Qu),Zhejiang,CN,30.01673,120.575832,246.766
186.182.198.218,San Telmo,Buenos Aires F.D.,AR,-34.6214013,-58.37375,254.087
24.152.220.111,Tunkhannock,Pennsylvania,US,41.5385159,-75.946844,127.389
97.70.108.206,Farmington,Michigan,US,42.4644795,-83.3763219,126.497
38.77.211.102,New York,New York,US,40.7127281,-74.0060152,94.475
190.255.154.12,Cartagena,Bolívar,CO,10.4195841,-75.5271224,221.013
61.120.183.94,Tokushima,Tokushima,JP,34.0698307,134.5550353,271.485
112.122.233.13,Wuhu (Jinghu Qu),Anhui,CN,31.3498309,118.3859411,250.828
51.19.55.52,London (Shadwell),England,GB,51.5081201,-0.07622237194643053,28.48
175.118.56.94,Daegu,Daegu,KR,35.8760013,128.5960548,273.985
97.123.67.133,Albuquerque,New Mexico,US,35.0841034,-106.6509851,170.33
36.55.136.235,Shibuya,Tokyo,JP,35.6645956,139.6987107,267.361
87.211.141.67,Rhoon,South Holland,NL,51.8569948,4.4236815,36.389
179.214.2.37,Brasília,Federal District,BR,-15.7934036,-47.8823172,229.929
60.190.41.41,Haidian (Haidian Qu),Beijing,CN,39.9747132,116.3115201,244.002
23.61.184.62,Mount Prospect,Illinois,US,42.0664167,-87.9372908,112.817
182.88.134.3,Guangzhou (Baiyun Qu),Guangdong,CN,23.3808414,113.2955341,231.276
2.176.32.30,Varāmīn,Tehran,IR,35.3352013,51.6445157,148.421
27.213.125.153,Qingdao (Jiaozhou Shi),Shandong,CN,36.3619633,120.08799539626071,249.146
5.68.216.19,London (Shadwell),England,GB,51.5081201,-0.07622237194643053,26.645
23.192.199.55,Jakarta,Jakarta,ID,-6.1875613,106.8277658,176.704
72.81.135.135,Baltimore,Maryland,US,39.2908816,-76.610759,108.862
112.162.118.130,Sasang-gu,Busan,KR,35.1521,128.9911,280.283
177.12.142.182,Coqueiro,Pará,BR,-0.7477114,-47.8134232,230.184
188.40.244.82,Falkenstein,Saxony,DE,50.5353917,12.6643842,37.388
189.153.227.180,San Nicolás de los Garza,Nuevo León,MX,25.73584235,-100.26649451652247,146.207
73.209.1.239,Oak Park,Illinois,US,41.8878145,-87.7887615,124.717
82.8.13.25,Wolverhampton,England,GB,52.5847651,-2.127567,38.171
78.196.63.187,Paris,Île-de-France,FR,48.8566969,2.3514616,21.564
68.33.148.23,Dover,Delaware,US,39.158168,-75.5243682,109.233
90.251.34.210,London,England,GB,51.5073219,-0.1276474,32.566
187.19.90.115,Limeira,São Paulo,BR,-22.5615068,-47.401766,211.18
45.17.202.39,Oklahoma City,Oklahoma,US,35.4729886,-97.5170536,177.884
221.79.234.80,Shimonoseki,Yamaguchi,JP,33.9577116,130.9415455,297.035
47.135.94.28,Sugar Grove,North Carolina,US,36.2579045,-81.7881668,125.946
182.54.198.77,Puchong Batu Dua Belas (Bandar Puchong Jaya),Selangor,MY,None,None,184.91
65.26.86.120,Grandview,Missouri,US,38.8898478,-94.5313816,150.384
79.41.127.48,Brescia,Lombardy,IT,45.77958045,10.4258729694612,40.353
73.187.139.5,Linglestown,Pennsylvania,US,40.3448615,-76.79507652043189,125.499
125.167.234.2,Banjarmasin,South Kalimantan,ID,-3.3187496,114.5925828,199.22
109.132.75.173,Brussels,Brussels Capital,BE,50.8465573,4.351697,16.099
196.196.116.51,Washington D.C.,District of Columbia,US,38.8950368,-77.0365427,45.976
24.157.194.76,Granby,Quebec,CA,45.3990409,-72.721834,122.148
95.118.85.116,Munich,Bavaria,DE,48.1371079,11.5753822,41.362
178.192.63.200,Hinterkappelen,Bern,CH,46.967846,7.3774383,29.151
23.94.115.152,Los Angeles,California,US,34.0536909,-118.242766,156.175
188.103.111.107,Frankfurt am Main,Hesse,DE,50.1106444,8.6820917,48.47
68.133.34.187,Buffalo,New York,US,42.8867166,-78.8783922,107.764
85.18.30.140,Milan,Lombardy,IT,45.4668,9.1905,29.615
212.187.47.69,Amsterdam,North Holland,NL,52.3727598,4.8936041,28.49
14.86.38.86,Seongnam-si (Buljeong-ro),Gyeonggi-do,KR,None,None,270.062
75.149.186.110,Miami,Florida,US,25.7741728,-80.19362,131.533
1.237.111.9,Seongnam-si,Gyeonggi-do,KR,37.4201556,127.1262092,247.568
46.71.54.200,Yerevan,Yerevan,AM,40.1553081,44.5082278,133.331
95.226.114.182,Milan,Lombardy,IT,45.4668,9.1905,66.456
79.237.59.254,Frankfurt am Main,Hesse,DE,50.1106444,8.6820917,29.856
108.18.33.16,Washington D.C.,District of Columbia,US,38.8950368,-77.0365427,99.705
90.213.222.1,London (Shadwell),England,GB,51.5081201,-0.07622237194643053,30.137
221.221.88.97,Jinrongjie (Xicheng District),Beijing,CN,None,None,262.719
27.214.45.80,Qingdao (Jiaozhou Shi),Shandong,CN,36.3619633,120.08799539626071,246.754
23.204.31.90,Chicago,Illinois,US,41.8755616,-87.6244212,113.427
69.27.213.12,Columbia,Missouri,US,38.951883,-92.3337366,118.969
79.90.146.104,Paris,Île-de-France,FR,48.8566969,2.3514616,37.811
41.213.128.253,Le Port,Réunion,RE,47.5811245,-0.6601801,215.591
72.94.57.45,Philadelphia,Pennsylvania,US,39.9527237,-75.1635262,98.873
72.38.149.157,Toronto,Ontario,CA,43.6534817,-79.3839347,123.76
46.177.191.116,Pátrai,West Greece,GR,38.246242,21.7350847,96.572
89.23.244.128,Frederiksberg,Capital Region,DK,55.678016,12.5326186,28.771
5.62.59.13,Baltimore,Maryland,US,39.2908816,-76.610759,123.977
188.172.217.137,Johannesburg,Gauteng,ZA,-26.205,28.049722,187.939
201.183.26.157,Guayaquil,Guayas,EC,-2.1812999,-79.89879274959239,199.377
116.53.165.142,Kunming,Yunnan,CN,24.8843019,102.8324209,287.192
174.55.243.102,Linglestown (Lower Paxton Township),Pennsylvania,US,None,None,126.944
211.208.196.114,Seoul (Namdaemunno 5(o)-ga),Seoul,KR,None,None,235.937
109.134.76.133,Schaarbeek,Brussels Capital,BE,50.8676041,4.3737121,17.482
113.226.182.148,Chaoyang Shi (Shuangta Qu),Liaoning,CN,41.53906645,120.43411157565629,266.787
36.77.243.131,Jakarta,Jakarta,ID,-6.1875613,106.8277658,189.176
194.147.148.209,Amsterdam,North Holland,NL,52.3727598,4.8936041,15.857
14.21.88.146,Guangzhou Shi,Guangdong,CN,23.1301964,113.2592945,224.748
60.93.47.128,Fukuoka,Fukuoka,JP,33.5898988,130.4017509,292.837
221.217.194.173,Jinrongjie (Xicheng District),Beijing,CN,None,None,283.689
98.254.135.227,West Perrine (Perrine),Florida,US,25.6048055,-80.36471699062912,133.478
39.85.79.56,Qingdao (Jiaozhou Shi),Shandong,CN,36.3619633,120.08799539626071,223.41
171.239.141.211,Hanoi,Hanoi,VN,20.9600115,105.7619892,194.798
110.250.234.254,Xingfeng (Daxing),Beijing,CN,39.7450169,116.3322078,264.666
60.24.68.90,Shuangtang (Jinghai Qu),Tianjin,CN,38.8716908,116.9062929,226.873
78.125.48.179,Paris,Île-de-France,FR,48.8566969,2.3514616,46.967
98.217.105.194,Berlin,Connecticut,US,41.621488,-72.7456519,121.041
192.126.115.59,Los Angeles (Downtown Los Angeles),California,US,34.0431787,-118.2328067,155.803
67.5.7.3,Spokane,Washington,US,47.6571934,-117.4235106,190.708
191.43.5.98,São João del Rei (Jardim Colônia),Minas Gerais,BR,None,None,231.408
46.55.166.68,Plovdiv,Plovdiv,BG,42.1418541,24.7499297,48.29
153.196.86.50,Kurobe-shi,Toyama,JP,36.8712828,137.4478857,259.475
125.177.246.24,Yongsan-dong (Hangang-daero),Seoul,KR,37.5301906,126.9651428,296.554
189.177.80.120,Mexico City (Centro),Mexico City,MX,19.4114305,-99.1551412,205.599
93.28.121.20,Le Pradet,Provence-Alpes-Côte d'Azur,FR,43.1037608,6.0223774,33.266
70.120.245.104,Edinburg,Texas,US,26.3013982,-98.1624501,138.202
71.204.205.78,Dover,Delaware,US,39.158168,-75.5243682,112.306
122.168.21.40,Bhopal,Madhya Pradesh,IN,23.2584857,77.401989,158.558
73.130.184.71,Lancaster,Pennsylvania,US,40.03813,-76.3056686,128.987
222.136.209.10,luohe shi (Wuyang Xian),Henan,CN,None,None,240.384
116.62.179.46,Beijing,Beijing,CN,39.906217,116.3912757,295.839
78.202.1.100,Viry-Châtillon,Île-de-France,FR,48.6708729,2.3750351,28.473
189.131.122.164,Iztapalapa,Mexico City,MX,19.3591195,-99.0929294,213.019
67.22.77.64,Camrose,Alberta,CA,53.013131,-112.840576,194.082
79.18.214.160,Isola del Liri,Lazio,IT,41.6792485,13.5730766,47.727
87.126.122.87,Sofia,Sofia-grad,BG,42.6978634,23.3221789,54.162
189.160.161.99,Valle de Juárez,Nuevo León,MX,25.63830335,-100.15783156139003,146.427
24.134.243.165,Frankfurt am Main,Hesse,DE,50.1106444,8.6820917,39.663
219.154.90.148,luohe shi (Wuyang Xian),Henan,CN,None,None,240.199
104.91.130.206,Bogotá,Bogota D.C.,CO,4.6533326,-74.083652,177.113
60.43.236.251,Osaka,Ōsaka,JP,34.7021912,135.4955866,253.561
175.198.100.21,Seongnam-si (Buljeong-ro),Gyeonggi-do,KR,None,None,261.228
90.204.117.224,London (Shadwell),England,GB,51.5081201,-0.07622237194643053,37.51
222.114.72.107,Cheonan-si (Seongjeong 2(i)-dong),Chungcheongnam-do,KR,None,None,264.111
95.252.34.252,Milan,Lombardy,IT,45.4668,9.1905,35.064
175.118.110.113,Seoul (Toegye-ro),Seoul,KR,37.561238,126.9940163,269.468
91.177.191.107,Charleroi,Wallonia,BE,50.4120332,4.4436244,15.691
83.61.105.165,Madrid,Madrid,ES,40.4167047,-3.7035825,43.285
81.208.43.134,Milan,Lombardy,IT,45.4668,9.1905,79.545
115.134.163.74,Kuala Lumpur (Kampung Attap),Kuala Lumpur,MY,None,None,287.91
95.29.149.103,Moscow (Tsentralnyy administrativnyy okrug),Moscow,RU,None,None,68.248
66.31.193.88,Woburn,Massachusetts,US,42.4792618,-71.1522766,124.002
122.177.176.72,New Delhi (Pocket C),Delhi,IN,28.6419258,77.2217499,165.791
202.41.222.54,Naka (Sakae),Aichi,JP,35.445514149999994,139.3940294778846,279.833
95.76.132.29,Bucharest,Bucureşti,RO,44.435648549999996,26.101331496562548,62.451
60.50.91.223,Kuala Lumpur (Kampung Attap),Kuala Lumpur,MY,None,None,243.319
95.232.47.149,Portogruaro,Veneto,IT,45.775598,12.8374571,60.737
141.39.145.182,Munich (Au-Haidhausen),Bavaria,DE,48.1355713,11.614785,33.153
201.217.239.2,San Nicolas,Buenos Aires F.D.,AR,-33.3277089,-60.2165909,261.432
189.161.142.191,Mexico City (Centro),Mexico City,MX,19.4114305,-99.1551412,212.061
174.87.205.97,South Lake Tahoe,California,US,38.9332411,-119.9843482,185.389
37.203.12.179,Kobleve,Mykolayiv Oblast,UA,None,None,55.983
24.201.195.123,Québec,Quebec,CA,46.8259601,-71.2352226,125.676
101.66.169.1,Jiaxing Shi (Nanhu Qu),Zhejiang,CN,30.704261,120.68234488858448,255.755
183.129.23.30,Yuzhong Chengguanzhen,Gansu,CN,None,None,250.942
212.104.104.170,Sofia,Sofia-grad,BG,42.6978634,23.3221789,55.281
189.186.5.123,Mexico City (Centro),Mexico City,MX,19.4114305,-99.1551412,242.792
182.125.25.172,Jinrongjie (Xicheng District),Beijing,CN,None,None,229.387
68.131.31.53,Norfolk,Virginia,US,36.8462923,-76.2929252,113.638
189.252.49.100,Mexico City (Miguel Hidalgo Villa Olímpica),Mexico City,MX,None,None,185.997
76.122.37.149,Jacksonville (Sandalwood),Florida,US,30.2981135,-81.5180349414163,127.342
89.101.1.81,Cork,Munster,IE,51.898627,-8.4705942,64.077
93.56.224.19,Milan,Lombardy,IT,45.4668,9.1905,35.367
223.10.14.174,Fenyang,Shanxi,CN,37.2683004,111.7830029,198.241
185.161.184.117,Torre Pacheco,Murcia,ES,37.743133,-0.9539015,45.575
27.212.15.213,Qingdao (Jiaozhou Shi),Shandong,CN,36.3619633,120.08799539626071,256.713
218.51.21.102,Seoul (Namdaemunno 5(o)-ga),Seoul,KR,None,None,243.898
100.40.76.32,Providence,Rhode Island,US,41.8239891,-71.4128343,117.042
113.90.25.167,Guangzhou Shi,Guangdong,CN,23.1301964,113.2592945,233.513
41.29.74.23,Botshabelo,Orange Free State,ZA,-29.2075546,26.70104,476.99
115.217.36.146,Ningbo,Zhejiang,CN,29.8622194,121.6203873,218.427
76.168.134.207,Los Angeles (Central LA),California,US,34.0536909,-118.242766,167.285
119.222.138.79,Seongnam-si (Jeongja-dong),Gyeonggi-do,KR,37.3800036,127.1184932,274.051
124.170.215.104,Sydney,New South Wales,AU,-33.8548157,151.2164539,332.035
189.107.54.139,São João del Rei (Jardim Colônia),Minas Gerais,BR,None,None,210.936
98.231.65.105,Neilson,Florida,US,27.6783645,-81.5009083,128.293
122.32.87.74,Yongsan-dong (Hangang-daero),Seoul,KR,37.5301906,126.9651428,303.883
181.58.80.197,Bogotá (Chapinero),Bogota D.C.,CO,4.6515312,-74.0646715,181.399
35.241.234.40,Zaventem,Flanders,BE,50.8806207,4.4730008,24.78
169.198.253.120,Memphis (Downtown),Tennessee,US,35.15157445,-90.04954582469317,118.505
89.28.82.55,Chisinau (Sectorul Buiucani),Chișinău Municipality,MD,47.0245117,28.8322923,67.065
81.196.227.18,Craiova,Dolj,RO,44.3190159,23.7965614,47.915
173.204.123.61,San Francisco,California,US,37.7790262,-122.419906,163.645
192.237.158.5,San Francisco (Yerba Buena),California,US,34.3027736,-118.3003676,112.185
68.224.112.18,Henderson,Nevada,US,36.0301134,-114.9826194,176.482
76.8.97.179,Georgetown,Colorado,US,39.7062268,-105.6971252,137.154
188.158.238.239,Tehran,Tehran,IR,35.6892523,51.3896004,131.591
104.122.142.99,Doha,Baladīyat ad Dawḩah,QA,25.2856329,51.5264162,204.29
62.182.163.37,Kyiv,Kyiv City,UA,50.4296064,30.5422094,79.773
14.80.19.182,Seongnam-si (Buljeong-ro),Gyeonggi-do,KR,None,None,266.261
171.119.48.119,Jinrongjie (Xicheng District),Beijing,CN,None,None,242.651
189.168.22.203,Colotlán,Jalisco,MX,22.098424299999998,-103.27431707479644,182.403
67.189.72.241,Troutdale,Oregon,US,45.5317928,-122.391155,189.652
194.193.174.219,Melbourne,Victoria,AU,-37.8142176,144.9631608,310.74
193.104.37.116,Namur,Wallonia,BE,50.4665284,4.8661892,13.176
106.39.50.114,Beijing,Beijing,CN,39.906217,116.3912757,223.251
193.46.30.34,Milan,Lombardy,IT,45.4668,9.1905,74.494
23.217.176.142,Brisbane,Queensland,AU,-27.4689682,153.0234991,307.684
23.200.149.192,Tseung Kwan O,Sai Kung,HK,22.292258,114.25772364596526,191.079
23.195.192.183,Osaka,Ōsaka,JP,34.7021912,135.4955866,248.286
114.240.85.248,Jinrongjie (Xicheng District),Beijing,CN,None,None,267.333
181.168.237.134,Córdoba,Cordoba,AR,-31.4173391,-64.183319,267.541
72.182.35.85,Austin,Texas,US,30.2711286,-97.7436995,135.077
24.37.228.61,Montreal (Rosemont—La Petite-Patrie),Quebec,CA,45.5567591,-73.55642378822452,122.616
203.151.20.157,Vadhana (Khwaeng Bang Kapi),Bangkok,TH,13.715181600000001,100.6016781474213,217.119
84.119.228.241,Duisburg,North Rhine-Westphalia,DE,51.434999,6.759562,32.889
187.116.194.48,Cariacica,Espírito Santo,BR,-20.263202,-40.416549,269.897
116.117.208.211,Hohhot (Saihan Qu),Inner Mongolia,CN,40.7082876,111.742119,315.043
61.128.133.109,Yuzhong District,Chongqing,CN,29.5555987,106.5653809,260.811
60.210.206.82,Qingdao (Jiaozhou Shi),Shandong,CN,36.3619633,120.08799539626071,257.127
98.198.88.104,Cinco Ranch,Texas,US,29.7388418,-95.7580048,134.858
113.237.122.3,Chaoyang Shi (Shuangta Qu),Liaoning,CN,41.53906645,120.43411157565629,249.636
189.134.203.2,Mexico City (Centro),Mexico City,MX,19.4114305,-99.1551412,230.173
73.221.170.80,Bremerton,Washington,US,47.5653663,-122.6246836,181.734
124.64.66.116,Jinrongjie (Xicheng District),Beijing,CN,None,None,298.634
59.19.5.158,Changnyeong-gun (Jangma-myeon),Gyeongsangnam-do,KR,35.4580281,128.473596,259.537
155.235.44.69,Miami,Florida,US,25.7741728,-80.19362,158.576
160.238.216.97,Erechim,Rio Grande do Sul,BR,-27.6350709,-52.2738654,236.518
66.130.184.181,Montreal (Rosemont—La Petite-Patrie),Quebec,CA,45.5567591,-73.55642378822452,119.775
87.206.42.168,Warsaw,Mazovia,PL,52.2319581,21.0067249,45.474
104.92.163.124,Los Angeles,California,US,34.0536909,-118.242766,154.098
172.65.85.125,Chicago,Illinois,US,41.8755616,-87.6244212,11.347
78.197.90.191,Vaucresson,Île-de-France,FR,48.8392676,2.1575981,21.81
78.23.159.143,Mechelen,Flanders,BE,51.0281381,4.4803453,23.797
221.150.156.101,Gwangju-si (Gonjiam-eup),Gyeonggi-do,KR,37.3743939,127.356959,266.425
45.194.218.160,Hong Kong,Central and Western,HK,22.2850394,114.1583819,200.205
222.109.38.3,Seongnam-si (Jeongja-dong),Gyeonggi-do,KR,37.3800036,127.1184932,270.891
87.248.188.214,Chisinau (Buiucani),Chișinău Municipality,MD,47.0245117,28.8322923,68.873
164.68.224.148,Fort Lauderdale (North Fort Lauderdale),Florida,US,26.1238427,-80.145623,124.439
91.74.34.190,Dubai,Dubai,AE,25.2653471,55.2924914,149.96
93.93.93.142,Levoberezhny District,Moscow,RU,55.8650743,37.4691831,58.253
49.51.82.219,Ashburn,Virginia,US,39.030019100000004,-77.46964646557657,94.801
104.64.141.168,Los Angeles,California,US,34.0536909,-118.242766,156.436
112.246.47.240,Qingdao (Jiaozhou Shi),Shandong,CN,36.3619633,120.08799539626071,243.22
2.207.139.65,Kirchheim unter Teck,Baden-Württemberg,DE,48.6480545,9.4510227,23.892
189.236.143.42,Mexico City,Mexico City,MX,19.39418595,-99.14673094897869,208.845
54.84.133.209,Ashburn,Virginia,US,39.030019100000004,-77.46964646557657,96.346
41.69.122.214,Awsīm,Giza,EG,30.283333,30.983333,84.009
107.185.106.200,Garden Grove,California,US,33.7746292,-117.9463717,175.742
60.76.209.26,Minato-ku,Tokyo,JP,35.6432274,139.7400553,271.061
24.30.245.121,Collins,New York,US,42.49645,-78.920589,133.147
49.1.84.88,Guri-si (Gucheonmyeon-ro),Gyeonggi-do,KR,None,None,232.497
94.232.39.154,Żory,Silesia,PL,50.0388902,18.680612383121996,41.155
70.145.216.159,Jackson,Mississippi,US,32.2990384,-90.1847691,142.669
217.69.7.224,Aubervilliers,Île-de-France,FR,48.9146078,2.3821895,20.27
85.155.125.206,Madrid,Madrid,ES,40.4167047,-3.7035825,72.772
89.133.203.171,Balatonfüred,Veszprém,HU,46.9567254,17.888892,49.512
52.2.33.116,Ashburn,Virginia,US,39.030019100000004,-77.46964646557657,97.15
87.171.255.215,Brandis,Saxony,DE,51.3346604,12.6089036,40.215
27.25.55.127,Wulipu,Hubei,CN,36.0379732,103.8038278,254.852
179.249.41.171,São Paulo,São Paulo,BR,-23.5506507,-46.6333824,309.798
89.1.17.126,Cologne (Ossendorf),North Rhine-Westphalia,DE,50.9875138,6.8963165,19.423
182.220.247.45,Yongsan-dong (Hangang-daero),Seoul,KR,37.5301906,126.9651428,302.652
24.90.154.209,Brooklyn,New York,US,40.6501038,-73.9495823,115.01
201.231.157.215,Córdoba,Cordoba,AR,-31.4173391,-64.183319,270.218
159.122.97.141,Redmond,Washington,US,47.6694141,-122.1238767,19.449
82.46.202.207,Preston,England,GB,53.7593363,-2.6992717,50.106
47.144.201.80,Los Angeles,California,US,34.0536909,-118.242766,159.664
194.78.205.233,Brussels,Brussels Capital,BE,50.8465573,4.351697,21.749
36.69.229.185,Jakarta,Jakarta,ID,-6.1875613,106.8277658,194.781
180.227.170.8,Yongsan-dong (Hangang-daero),Seoul,KR,37.5301906,126.9651428,312.907
223.71.210.205,Jinrongjie (Xicheng District),Beijing,CN,None,None,288.071
94.253.20.24,Noginsk,Moscow Oblast,RU,55.8553511,38.4411898,54.143
78.215.7.6,Fontainebleau,Île-de-France,FR,48.4049375,2.7015872,35.217
109.133.159.222,Brussels,Brussels Capital,BE,50.8465573,4.351697,17.902
124.171.214.92,Adelaide,South Australia,AU,-34.9281805,138.5999312,331.975
173.45.193.140,St. Catharines,Ontario,CA,43.1579812,-79.2441003,208.634
73.142.54.176,Hartford,Connecticut,US,41.7655582,-72.69061276146614,116.742
14.138.84.51,Seoul (Hakdong-ro 68-gil),Seoul,KR,37.5168887,127.0467807,230.473
194.67.103.41,Moscow,Moscow,RU,55.7504461,37.6174943,53.672
154.221.64.37,Hong Kong,Central and Western,HK,22.2850394,114.1583819,214.671
216.33.4.117,Santa Clara,California,US,37.2333253,-121.6846349,162.374
88.247.124.171,Istanbul,Istanbul,TR,41.0096334,28.9651646,60.927
194.105.170.136,Aberdeen (Altens Industrial Estate),Scotland,GB,57.1160435,-2.0766143400926445,40.91
139.222.249.244,Norwich,England,GB,52.628606,1.29227,107.886
105.149.27.150,Rabat (Agdal),Rabat-Salé-Kénitra,MA,33.9366131,-6.872830531523649,111.65
193.2.233.162,Ig,Ig,SI,45.9644931,14.5203868,49.049
112.251.226.13,Qingdao (Jiaozhou Shi),Shandong,CN,36.3619633,120.08799539626071,234.622
102.186.33.18,Awsīm,Giza,EG,30.283333,30.983333,109.5
139.194.82.200,Jakarta,Jakarta,ID,-6.1875613,106.8277658,225.436
201.145.152.244,Mexico City (Centro),Mexico City,MX,19.4114305,-99.1551412,163.099
133.18.27.5,Chiyoda,Tokyo,JP,35.6938097,139.7532163,257.55
189.178.192.222,Guadalajara,Jalisco,MX,20.6720375,-103.3383962,187.074
87.6.196.87,Galugnano,Apulia,IT,40.2569547,18.2127696,52.49
79.22.18.51,Martone,Calabria,IT,38.353976,16.288304,53.127
20.37.119.94,Yono,Saitama,JP,35.8843429,139.6390018,249.954
104.231.98.232,Mentor,Ohio,US,41.6661573,-81.339552,132.09
66.60.178.180,Conroe,Texas,US,30.3118769,-95.4560512,177.135
115.126.120.58,Fo Tan,Sha Tin,HK,22.3951537,114.19810125947764,195.965
49.114.69.15,Ewirgol,Xinjiang,CN,42.9923122,87.5547708,290.83
87.140.35.89,Taarstedt,Schleswig-Holstein,DE,54.5667508,9.6862246,31.779
87.64.217.156,Charleroi,Wallonia,BE,50.4120332,4.4436244,19.094
182.123.73.214,Jinrongjie (Xicheng District),Beijing,CN,None,None,252.998
117.60.142.105,Qinnan,Jiangsu,CN,21.9434443,108.653776,242.916
187.133.127.103,Miguel Auza,Zacatecas,MX,24.16227705,-103.46264389951352,198.532
202.188.83.118,Kuala Lumpur,Kuala Lumpur,MY,3.142197,101.6290072,274.087
187.55.189.200,Corumbá,Mato Grosso do Sul,BR,-19.0016365,-57.6534316,259.195
210.100.226.7,Gyeongju-si (Sajeong-dong),Gyeongsangbuk-do,KR,35.832159649999994,129.2176537392379,269.636
74.110.227.118,Richmond,Virginia,US,37.5385087,-77.43428,101.168
120.219.168.220,Zhengzhou,Henan,CN,34.7487244,113.6191483,246.036
31.162.178.176,Yekaterinburg,Sverdlovsk,RU,56.839104,60.60825,99.41
200.114.118.242,Salcajá,Quetzaltenango,GT,14.8791084,-91.4575439,154.625
141.134.90.30,Mechelen,Flanders,BE,51.0281381,4.4803453,24.75
46.103.77.81,Évosmos,Central Macedonia,GR,40.6712656,22.9161993,95.245
96.61.168.108,La Vergne,Tennessee,US,36.0156178,-86.5819394,121.597
71.223.47.172,Phoenix,Arizona,US,33.4484367,-112.0741417,169.216
204.116.83.129,Walterboro,South Carolina,US,32.9021377,-80.6672631,120.684
78.122.62.28,Paris,Île-de-France,FR,48.8566969,2.3514616,32.712
124.64.161.71,Jinrongjie (Xicheng District),Beijing,CN,None,None,248.874
185.139.55.88,Kyiv (Solom'yans'kyi district),Kyiv City,UA,None,None,201.399
78.20.75.4,Mechelen,Flanders,BE,51.0281381,4.4803453,22.135
104.195.42.55,Los Angeles (Downtown Los Angeles),California,US,34.0431787,-118.2328067,147.809
212.46.198.174,Moscow,Moscow,RU,55.7504461,37.6174943,105.666
14.80.117.79,Seongnam-si (Buljeong-ro),Gyeonggi-do,KR,None,None,278.579
86.30.67.84,Blaby,England,GB,52.5731976,-1.1646389,40.719
94.214.185.104,Groningen,Groningen,NL,53.2190652,6.5680077,27.004
161.8.29.189,Los Angeles,California,US,34.0536909,-118.242766,155.716
121.153.254.143,Hongseong-gun (Hongseong-eup),Chungcheongnam-do,KR,36.5993489,126.6811624,265.407
67.165.146.53,Oak Park,Illinois,US,41.8878145,-87.7887615,125.389
83.125.33.26,Dresden (Pieschen),Saxony,DE,51.0821118,13.7250874,20.833
79.250.157.251,Mering,Bavaria,DE,48.2667,10.9833,35.848
174.31.172.67,Spokane,Washington,US,47.6571934,-117.4235106,181.941
85.90.31.74,Zurich,Zurich,CH,47.3744489,8.5410422,60.551
89.22.237.218,Istanbul,Istanbul,TR,41.0096334,28.9651646,65.367
183.116.181.112,Haengdang-dong,Seoul,KR,37.55783,127.03571,277.213
221.183.3.101,Shenzhen,Guangdong,CN,22.555454,114.0543297,261.858
184.87.213.121,Milan,Lombardy,IT,45.4668,9.1905,29.563
65.101.1.198,Chicago,Illinois,US,41.8755616,-87.6244212,185.49
27.40.126.210,Guangzhou (Yuexiu Qu),Guangdong,CN,23.1526233,113.2522641,230.549
49.75.2.186,Qinnan,Jiangsu,CN,21.9434443,108.653776,254.342
14.73.164.215,Seongnam-si (Buljeong-ro),Gyeonggi-do,KR,None,None,263.026
115.205.130.154,Yuzhong Chengguanzhen,Gansu,CN,None,None,251.955
94.53.16.144,Bucharest (Sector 1),Bucureşti,RO,44.435648549999996,26.101331496562548,50.896
83.162.169.209,Amsterdam,North Holland,NL,52.3727598,4.8936041,20.761
68.226.170.201,Moreauville,Louisiana,US,31.0346323,-91.9756768,159.844
168.91.98.171,London,England,GB,51.5073219,-0.1276474,23.652
23.67.113.204,Atlanta,Georgia,US,33.7489924,-84.3902644,107.436
75.167.58.247,Phoenix,Arizona,US,33.4484367,-112.0741417,169.388
204.11.81.90,Neilson,Florida,US,27.6783645,-81.5009083,173.533
162.209.146.109,Los Angeles,California,US,34.0536909,-118.242766,159.694
67.191.189.101,Marietta,Georgia,US,33.9528472,-84.5496148,118.222
167.250.142.147,Caicó,Rio Grande do Norte,BR,-6.4594544,-37.0971911,199.285
80.2.185.142,Northolt,England,GB,51.5465937,-0.369565,33.273
24.162.106.5,Temple,Texas,US,31.098207,-97.3427847,150.632
99.95.50.223,Daytona Beach,Florida,US,29.2108147,-81.0228331,135.829
107.80.220.236,Houston,Texas,US,29.7589382,-95.3676974,211.126
74.111.109.221,Pittsburgh,Pennsylvania,US,40.4416941,-79.9900861,106.118
209.141.136.209,Markham,Ontario,CA,43.8563707,-79.3376825,136.389
49.248.123.207,Navi Mumbai (MIDC Industrial Area),Maharashtra,IN,19.0308262,73.0198537,133.891
189.109.68.235,São Paulo,São Paulo,BR,-23.5506507,-46.6333824,240.672
54.151.41.230,San Jose,California,US,37.3361905,-121.890583,164.141
180.162.163.58,Shanghai,Shanghai,CN,31.2322758,121.4692071,251.599
124.94.175.145,Chaoyang Shi (Shuangta Qu),Liaoning,CN,41.53906645,120.43411157565629,252.104
178.0.50.189,Woltersdorf,Brandenburg,DE,52.4501153,13.7552036,31.786
39.66.82.112,Qingdao (Jiaozhou Shi),Shandong,CN,36.3619633,120.08799539626071,247.464
24.123.0.170,Cincinnati,Ohio,US,39.1014537,-84.5124602,131.386
117.73.13.155,Jinan (Lixia Qu),Shandong,CN,36.65637625,117.11023219400708,282.782
73.31.63.133,Bluefield,Virginia,US,37.2698395,-81.2223195,121.518
104.91.235.202,Chicago,Illinois,US,41.8755616,-87.6244212,107.766
203.173.2.191,Sydney,New South Wales,AU,-33.8548157,151.2164539,315.576
82.11.102.73,Kempston,England,GB,52.1192011,-0.4930154,33.502
113.225.124.177,Chaoyang Shi (Shuangta Qu),Liaoning,CN,41.53906645,120.43411157565629,220.442
52.85.216.231,Johannesburg,Gauteng,ZA,-26.205,28.049722,181.884
111.184.213.94,Taipei,Taiwan,TW,23.3378623,121.3111397456349,326.397
68.85.34.166,New Castle,Delaware,US,39.6620572,-75.5663132,101.54
2.153.114.132,Madrid,Madrid,ES,40.4167047,-3.7035825,40.786
69.250.158.127,Manassas,Virginia,US,38.7509488,-77.4752667,104.512
120.231.180.215,Shenzhen,Guangdong,CN,22.555454,114.0543297,218.038
189.244.83.235,Torreón,Coahuila,MX,25.542698,-103.410512,159.761
52.95.148.66,London,England,GB,51.5073219,-0.1276474,23.701
110.243.8.45,Xingfeng (Daxing),Beijing,CN,39.7450169,116.3322078,240.403
109.15.208.7,Paris,Île-de-France,FR,48.8566969,2.3514616,28.725
47.185.217.125,Plano (Original Donation),Texas,US,None,None,130.298
84.182.182.180,Frankfurt am Main,Hesse,DE,50.1106444,8.6820917,43.781
181.102.56.212,Palermo,Buenos Aires F.D.,AR,-34.5803362,-58.4245236,281.177
93.118.180.252,Tehran,Tehran,IR,35.6892523,51.3896004,140.857
178.116.89.176,Mechelen,Flanders,BE,51.0281381,4.4803453,31.053
211.47.112.110,Gumi-si (Songjeong-daero),Gyeongsangbuk-do,KR,None,None,313.329
94.221.16.244,Frankfurt am Main,Hesse,DE,50.1106444,8.6820917,39.67
126.119.85.88,Minato-ku,Tokyo,JP,35.6432274,139.7400553,283.431
189.171.178.61,Mexico City (Centro),Mexico City,MX,19.4114305,-99.1551412,162.423
184.71.239.222,Toronto,Ontario,CA,43.6534817,-79.3839347,161.255
47.7.99.189,Slidell,Louisiana,US,30.2751945,-89.7811745,145.561
78.217.203.73,Margut,Grand Est,FR,49.58407,5.26019,42.777
60.141.57.250,Minato-ku,Tokyo,JP,35.6432274,139.7400553,272.242
209.89.43.196,Peace River,Alberta,CA,56.23253295,-117.32067067804391,169.824
62.213.183.1,Paris,Île-de-France,FR,48.8566969,2.3514616,48.92
81.178.237.87,Luston,England,GB,52.25817685,-2.7493686644797943,31.569
203.158.58.132,Sydney,New South Wales,AU,-33.8548157,151.2164539,308.195
96.71.232.46,Sunnyvale,California,US,37.3688301,-122.0363496,172.877
93.104.84.64,Munich,Bavaria,DE,48.1371079,11.5753822,28.697
104.189.161.214,Jacksonville,Florida,US,30.3321838,-81.655651,147.804
116.120.21.123,Seoul (Toegye-ro),Seoul,KR,37.561238,126.9940163,264.748
122.168.209.199,Bhopal,Madhya Pradesh,IN,23.2584857,77.401989,158.622
73.158.221.72,Los Angeles,California,US,34.0536909,-118.242766,174.799
188.68.220.22,St Petersburg,St.-Petersburg,RU,59.938732,30.316229,50.57
24.3.4.106,Minneapolis,Minnesota,US,44.9772995,-93.2654692,113.441
74.140.120.219,Newark,Ohio,US,40.0581205,-82.4012643,120.194
81.173.151.241,Cologne (Ehrenfeld Cologne),North Rhine-Westphalia,DE,50.95754595,6.891442861965928,37.892
180.231.113.100,Yongsan-dong (Hangang-daero),Seoul,KR,37.5301906,126.9651428,285.667
71.38.170.3,Las Vegas,Nevada,US,36.1672559,-115.1485163,164.209
74.129.219.224,Lynchburg,Ohio,US,39.241729,-83.7913143,130.283
68.47.11.28,Minneapolis,Minnesota,US,44.9772995,-93.2654692,139.735
94.14.247.18,London (Shadwell),England,GB,51.5081201,-0.07622237194643053,29.552
72.222.99.14,Paoli,Oklahoma,US,34.8267449,-97.2591911,141.627
96.249.154.110,Harrisburg,Pennsylvania,US,40.2663107,-76.8861122,99.05
175.123.111.53,Seoul (Toegye-ro),Seoul,KR,37.561238,126.9940163,268.054
39.122.235.239,Seoul (Toegye-ro),Seoul,KR,37.561238,126.9940163,239.227
117.82.72.188,Qinnan,Jiangsu,CN,21.9434443,108.653776,242.653
92.110.212.41,Amsterdam,North Holland,NL,52.3727598,4.8936041,26.309
104.106.83.62,Milan,Lombardy,IT,45.4668,9.1905,29.274
94.6.201.65,London (Shadwell),England,GB,51.5081201,-0.07622237194643053,36.491
172.87.143.114,San Antonio (East Side),Texas,US,None,None,127.502
221.229.40.77,Qinnan,Jiangsu,CN,21.9434443,108.653776,231.186
94.211.13.248,Enschede,Overijssel,NL,52.2209855,6.8940537,25.577
187.209.244.210,Monclova,Coahuila,MX,26.8999988,-101.4171173,208.565
178.39.87.146,Contone,Ticino,CH,46.1487696,8.9261455,44.374
222.106.91.69,Seongnam-si (Jeongja-dong),Gyeonggi-do,KR,37.3800036,127.1184932,258.83
166.150.197.242,Chicago,Illinois,US,41.8755616,-87.6244212,319.681
36.72.151.101,Jakarta,Jakarta,ID,-6.1875613,106.8277658,210.683
181.62.246.174,Santiago de Cali,Valle del Cauca,CO,3.4517923,-76.5324943,189.418
113.228.13.177,Chaoyang Shi (Shuangta Qu),Liaoning,CN,41.53906645,120.43411157565629,250.505
119.206.8.136,Seongnam-si (Jeongja-dong),Gyeonggi-do,KR,37.3800036,127.1184932,270.628
121.167.194.130,Garak-dong,Seoul,KR,37.49488385,127.11878497546454,262.513
162.206.205.121,Birmingham,Alabama,US,33.5206824,-86.8024326,135.467
92.201.15.156,Hüllhorst,North Rhine-Westphalia,DE,52.2739463,8.6704447,55.475
84.16.243.123,Frankfurt am Main (Innenstadt I),Hesse,DE,50.1039941,8.64359066368981,26.57
110.174.83.21,Sydney,New South Wales,AU,-33.8548157,151.2164539,309.298
2.235.191.204,Milan,Lombardy,IT,45.4668,9.1905,50.392
82.208.103.178,Kuznechikha,Nizhny Novgorod Oblast,RU,57.7074005,39.8973735,66.914
2.61.220.93,Abakan,Khakasiya Republic,RU,53.7206611,91.4403687,134.328
61.221.200.86,Kaohsiung City,Kaohsiung,TW,22.6395321,120.3025585,300.923
86.109.206.145,Chelyabinsk,Chelyabinsk,RU,55.1598408,61.4025547,89.511
94.102.216.159,Regensburg (Innenstadt),Bavaria,DE,48.3972288,11.7462792,29.093
104.33.182.140,Palmdale,California,US,34.5793131,-118.1171108,188.707
218.48.247.125,Seoul (Namdaemunno 5(o)-ga),Seoul,KR,None,None,235.209
71.75.82.200,Gastonia,North Carolina,US,35.2622158,-81.1838794,129.33
79.226.239.215,Frankfurt am Main,Hesse,DE,50.1106444,8.6820917,34.614
75.167.0.195,Phoenix,Arizona,US,33.4484367,-112.0741417,163.851
191.128.163.55,São Paulo,São Paulo,BR,-23.5506507,-46.6333824,279.128
73.226.214.57,Newark,New Jersey,US,40.735657,-74.1723667,112.002
77.75.52.92,Seattle,Washington,US,47.6038321,-122.3300624,153.674
36.49.54.48,Jilin City (Dongnan),Jilin,CN,None,None,257.883
120.15.7.195,Gaocheng,Hebei,CN,38.023402,114.8406273,261.642
188.165.32.198,Paris,Île-de-France,FR,48.8566969,2.3514616,13.493
125.206.179.154,Chiyoda,Tokyo,JP,35.6938097,139.7532163,258.338
64.7.228.54,Nashville,Tennessee,US,36.1622296,-86.7743531,120.954
186.69.93.236,Quito,Pichincha,EC,-0.2201641,-78.5123274,184.131
3.133.115.171,Dublin,Ohio,US,40.0992294,-83.1140771,112.204
93.240.16.172,Frankfurt am Main,Hesse,DE,50.1106444,8.6820917,40.41
158.222.134.32,New York,New York,US,40.7127281,-74.0060152,112.384
24.155.111.185,Corpus Christi,Texas,US,27.7477253,-97.4014129,148.235
222.160.23.114,Jilin City (Chuanying District),Jilin,CN,43.837114,126.55829504269138,314.686
103.196.20.146,Newark,New Jersey,US,40.735657,-74.1723667,285.062
105.243.39.18,Pretoria (Silverton),Gauteng,ZA,-25.7330403,28.2960123,276.673
212.202.118.97,Frankfurt am Main,Hesse,DE,50.1106444,8.6820917,26.675
99.239.109.126,Richmond Hill,Ontario,CA,43.880078,-79.439392,114.431
200.151.74.193,São Paulo,São Paulo,BR,-23.5506507,-46.6333824,209.515
184.160.3.208,Montreal (Rosemont—La Petite-Patrie),Quebec,CA,45.5567591,-73.55642378822452,129.822
93.218.103.164,Kirchdorf,Bavaria,DE,48.176609,12.19713,40.612
130.43.134.137,Clevedon,England,GB,51.4360625,-2.8526531,35.036
73.83.24.5,Spokane,Washington,US,47.6571934,-117.4235106,188.39
93.6.121.97,Paris,Île-de-France,FR,48.8566969,2.3514616,30.967
47.99.169.115,Hangzhou (Xihu Qu),Zhejiang,CN,30.2156829,120.1304625,243.85
217.236.90.250,Frankfurt am Main,Hesse,DE,50.1106444,8.6820917,39.299
31.223.255.13,Udine,Friuli Venezia Giulia,IT,46.0634632,13.2358377,42.729
101.87.118.132,Shanghai,Shanghai,CN,31.2322758,121.4692071,239.297
120.195.79.69,Suzhou,Jiangsu,CN,31.3016935,120.5810725,314.874
23.53.98.230,Bangkok,Bangkok,TH,13.7544238,100.4930399,284.443
188.210.111.240,Tehran,Tehran,IR,35.6892523,51.3896004,164.099
24.7.47.149,Fremont,California,US,37.5482697,-121.9885719,168.165
106.213.13.151,Bhopal (B Sector),Madhya Pradesh,IN,23.1704679,77.4210798,174.841
24.21.38.206,Beaverton,Oregon,US,45.4871723,-122.80378,180.879
98.207.2.1,Sunnyvale,California,US,37.3688301,-122.0363496,172.392
14.136.238.177,Kwai Chung,Tsuen Wan,HK,22.3754076,114.1330033,196.081
77.21.107.234,Oldenburg,Lower Saxony,DE,53.1389753,8.2146017,44.25
93.192.238.252,Frankfurt am Main,Hesse,DE,50.1106444,8.6820917,46.501
180.156.167.88,Shanghai,Shanghai,CN,31.2322758,121.4692071,246.165
222.105.138.240,Seongnam-si (Jeongja-dong),Gyeonggi-do,KR,37.3800036,127.1184932,279.177
72.199.163.246,El Centro,California,US,32.792,-115.5630514,158.679
172.117.255.61,Santa Monica,California,US,34.0194704,-118.4912273,182.146
181.197.111.195,Panama City,Panamá,PA,8.9714493,-79.5341802,178.716
73.143.154.58,Boston,Massachusetts,US,42.3602534,-71.0582912,113.305
221.231.49.227,Qinnan,Jiangsu,CN,21.9434443,108.653776,262.654
117.81.17.185,Qinnan,Jiangsu,CN,21.9434443,108.653776,258.812
178.140.140.143,Moscow,Moscow,RU,55.7504461,37.6174943,57.016
114.249.209.231,Jinrongjie (Xicheng District),Beijing,CN,None,None,285.541
5.146.81.206,Frankfurt am Main,Hesse,DE,50.1106444,8.6820917,45.534
199.187.161.126,St Louis,Missouri,US,38.6264178,-90.1998378,127.949
149.202.24.243,Roubaix,Hauts-de-France,FR,50.6915893,3.1741734,13.855
210.21.11.233,Guangzhou (Yuexiu Qu),Guangdong,CN,23.1526233,113.2522641,257.672
62.10.181.4,Dairago,Lombardy,IT,45.565972,8.8631736,47.201
73.104.126.59,Miami,Florida,US,25.7741728,-80.19362,131.069
92.24.56.166,Irlam,England,GB,53.4342044,-2.4328454,31.12
85.220.155.56,Minden,North Rhine-Westphalia,DE,52.2881045,8.9168852,19.634
